id,Influencer_name,Handle,Followers,Posts,Likes,Category,Sentiment,audience_location,audience_age,audience_Gender,Platform,Engagement_rate
1,Jane Doe,@emma.t,340770,986,31587,Nutrition Products,Positive,Kerala,15-24,Male,TikTok,9.269301875
2,Mia Lee,@jane.doe,702603,847,49725,Smartphones,Positive,Gujarat,All,All,Twitter,7.077254153
3,John Smith,@noah.d,113855,241,41587,Home Appliances,Positive,Kerala,18-30,Male,Instagram,36.52628343
4,Emma Taylor,@jane.doe,202147,944,8042,Gadgets,Negative,Kerala,15-24,All,Facebook,3.978293024
5,Mason White,@john.smith,495171,508,30531,Home Appliances,Negative,Tamil Nadu,40-50,Female,Instagram,6.165748802
6,Mia Lee,@noah.d,341829,135,26257,Fashion Accessories,Neutral,Madhya Pradesh,40-50,All,TikTok,7.681326043
7,Isabella Moore,@liam.brown,487464,122,17005,Gadgets,Negative,Gujarat,30-45,All,Facebook,3.488462738
8,John Smith,@sophia.w,733223,545,40347,Eco-friendly Goods,Negative,Tamil Nadu,18-30,All,TikTok,5.502691541
9,Emma Taylor,@noah.d,183216,127,28785,Nutrition Products,Neutral,West Bengal,30-45,Male,Facebook,15.71096411
10,Isabella Moore,@isabella.m,409843,762,41313,Fashion Accessories,Negative,Karnataka,22-40,Female,Twitter,10.08020144
11,Emma Taylor,@mia.lee,856447,394,32383,Travel Services,Positive,Bihar,18-30,Female,TikTok,3.781086279
12,Mason White,@john.smith,767339,60,40011,Smartphones,Neutral,Karnataka,18-25,Male,Twitter,5.214253413
13,Isabella Moore,@noah.d,885659,762,5494,Food Products,Negative,Kerala,30-45,Female,Facebook,0.620329043
14,Isabella Moore,@emma.t,757739,976,6893,Nutrition Products,Negative,Karnataka,15-24,Female,Instagram,0.909679982
15,John Smith,@sophia.w,302086,999,42198,Travel Services,Neutral,Punjab,18-28,Female,Facebook,13.96886979
16,John Smith,@mia.lee,992087,245,18570,Gaming Products,Neutral,Delhi,All,Male,Twitter,1.871811646
17,Olivia Clark,@sophia.w,801403,58,46587,Nutrition Products,Neutral,Goa,18-30,All,TikTok,5.813180135
18,Olivia Clark,@emma.t,114466,534,15636,Nutrition Products,Neutral,Kerala,All,All,Instagram,13.65995143
19,Emma Taylor,@mia.lee,704611,386,21103,Cosmetics,Negative,Tamil Nadu,25-40,Male,Facebook,2.994985886
20,Isabella Moore,@jane.doe,287030,961,29251,Gadgets,Negative,Karnataka,18-28,Male,TikTok,10.19092081
21,Mia Lee,@john.smith,980666,390,13377,Pet Supplies,Neutral,Maharashtra,15-24,Male,Twitter,1.364072987
22,Olivia Clark,@emma.t,971583,962,24228,Books,Positive,Punjab,25-40,All,YouTube,2.493662405
23,Olivia Clark,@mason.w,204024,609,36337,Fashion Accessories,Negative,Uttar Pradesh,18-25,All,Instagram,17.81015959
24,Sophia Wilson,@olivia.c,254997,540,25661,Clothing,Neutral,Rajasthan,22-40,Female,Twitter,10.06325565
25,Mia Lee,@olivia.c,981916,174,21697,Art Supplies,Neutral,Maharashtra,All,Male,TikTok,2.209659482
26,Olivia Clark,@liam.brown,842653,544,41717,Gaming Products,Negative,Kerala,30-45,All,TikTok,4.950673646
27,Emma Taylor,@jane.doe,784742,757,7083,Cosmetics,Neutral,Kerala,18-30,All,Instagram,0.902589641
28,Liam Brown,@mia.lee,857495,317,6903,Art Supplies,Neutral,Delhi,18-30,Male,Twitter,0.805019271
29,Sophia Wilson,@mason.w,338878,205,47405,Smartphones,Negative,Goa,18-28,Female,YouTube,13.98881013
30,Mia Lee,@emma.t,366076,358,42833,Food Products,Negative,Punjab,15-24,All,YouTube,11.70057584
31,Jane Doe,@liam.brown,682670,978,37363,Gaming Products,Negative,Rajasthan,22-40,Female,Facebook,5.473068979
32,Jane Doe,@emma.t,324945,153,26869,Home Appliances,Negative,Madhya Pradesh,25-40,Female,Twitter,8.268783948
33,Emma Taylor,@liam.brown,440405,114,27018,Travel Services,Positive,Karnataka,30-45,All,YouTube,6.134807734
34,Liam Brown,@sophia.w,851696,922,12822,Fashion Accessories,Positive,Maharashtra,40-50,All,Facebook,1.505466739
35,Mason White,@jane.doe,709166,301,27084,Cosmetics,Neutral,Maharashtra,All,All,TikTok,3.819134025
36,Jane Doe,@john.smith,664210,143,12931,Home Appliances,Negative,Uttar Pradesh,22-40,Female,Facebook,1.946824047
37,Mia Lee,@noah.d,264487,690,49145,Fitness Equipment,Negative,Maharashtra,18-25,All,YouTube,18.58125352
38,Jane Doe,@jane.doe,750376,229,43038,Food Products,Neutral,Delhi,All,Female,TikTok,5.73552459
39,John Smith,@mia.lee,546160,412,32011,Clothing,Positive,Goa,25-34,Male,Twitter,5.861102973
40,John Smith,@sophia.w,426339,175,34550,Travel Services,Neutral,Rajasthan,22-40,Female,YouTube,8.103879776
41,Isabella Moore,@sophia.w,360266,572,24651,Smartphones,Neutral,Maharashtra,25-40,Male,YouTube,6.842444194
42,Emma Taylor,@mia.lee,169890,193,12690,Gadgets,Positive,Kerala,25-40,Male,YouTube,7.469539114
43,Noah Davis,@sophia.w,258700,433,20008,Pet Supplies,Positive,Rajasthan,18-30,All,TikTok,7.73405489
44,Jane Doe,@olivia.c,638336,973,28180,Clothing,Negative,Uttar Pradesh,25-40,All,Facebook,4.414602968
45,Mia Lee,@jane.doe,741445,605,39221,Books,Negative,Kerala,25-34,All,Instagram,5.289805717
46,Mason White,@jane.doe,230748,632,24716,Travel Services,Positive,Tamil Nadu,18-25,Female,YouTube,10.7112521
47,Jane Doe,@isabella.m,981575,190,5859,Cosmetics,Neutral,India,18-25,All,TikTok,0.596897843
48,Sophia Wilson,@jane.doe,612971,832,29874,Travel Services,Neutral,Kerala,25-40,Female,Instagram,4.873640025
49,Jane Doe,@isabella.m,338287,669,22289,Art Supplies,Neutral,Haryana,All,All,Instagram,6.58878408
50,Liam Brown,@jane.doe,997417,51,34817,Eco-friendly Goods,Negative,Delhi,All,All,Facebook,3.490716521
51,Liam Brown,@mia.lee,590813,948,21691,Fitness Equipment,Positive,Karnataka,15-24,Female,Instagram,3.671381639
52,Sophia Wilson,@john.smith,569337,264,9440,Eco-friendly Goods,Neutral,India,30-45,All,TikTok,1.658068947
53,Olivia Clark,@mia.lee,345067,409,25937,Gaming Products,Negative,Madhya Pradesh,30-45,All,Instagram,7.516511286
54,John Smith,@noah.d,329737,827,38797,Smartphones,Positive,Karnataka,40-50,Female,YouTube,11.76604385
55,Emma Taylor,@mia.lee,319946,895,40295,Fitness Equipment,Neutral,Madhya Pradesh,22-40,Male,TikTok,12.59431279
56,Jane Doe,@noah.d,520472,572,34721,Gaming Products,Positive,Maharashtra,25-40,Female,Facebook,6.671060115
57,Liam Brown,@mia.lee,194736,490,48830,Gadgets,Positive,Karnataka,18-28,All,Twitter,25.0749733
58,John Smith,@noah.d,743235,653,47632,Fashion Accessories,Positive,Madhya Pradesh,30-45,Female,Twitter,6.40874017
59,Emma Taylor,@olivia.c,964356,783,37434,Cosmetics,Neutral,Rajasthan,25-40,Female,Twitter,3.881761507
60,Sophia Wilson,@noah.d,759662,178,5319,Food Products,Negative,Tamil Nadu,All,All,YouTube,0.700179817
61,Liam Brown,@liam.brown,540439,173,35756,Clothing,Neutral,Gujarat,40-50,Male,YouTube,6.616102835
62,Liam Brown,@john.smith,252015,947,35105,Gadgets,Neutral,Haryana,15-24,All,Instagram,13.92972641
63,Jane Doe,@noah.d,445513,279,10138,Nutrition Products,Negative,Uttar Pradesh,15-24,Female,Facebook,2.275578939
64,Emma Taylor,@mia.lee,753283,371,29752,Eco-friendly Goods,Neutral,Uttar Pradesh,22-40,Female,Instagram,3.949644423
65,Sophia Wilson,@liam.brown,576648,480,30788,Art Supplies,Negative,Uttar Pradesh,22-40,Female,Twitter,5.339132365
66,Jane Doe,@liam.brown,948008,751,17571,Eco-friendly Goods,Neutral,Madhya Pradesh,18-30,All,YouTube,1.853465372
67,Mason White,@olivia.c,106719,578,36862,Pet Supplies,Neutral,West Bengal,All,Male,Instagram,34.54117823
68,Noah Davis,@mia.lee,134191,970,43159,Smartphones,Positive,Bihar,All,Male,Facebook,32.16236558
69,John Smith,@olivia.c,986721,226,29972,Fitness Equipment,Positive,West Bengal,18-28,Male,Instagram,3.037535433
70,Emma Taylor,@sophia.w,547880,695,14435,Cosmetics,Positive,Rajasthan,25-34,All,TikTok,2.634701029
71,Isabella Moore,@mason.w,769004,879,39621,Books,Positive,Delhi,18-30,Male,Facebook,5.152248883
72,Isabella Moore,@john.smith,359384,66,12052,Books,Negative,India,18-25,Female,YouTube,3.353516016
73,Jane Doe,@john.smith,321847,411,38800,Fashion Accessories,Negative,Delhi,18-30,Male,Instagram,12.05541764
74,Liam Brown,@liam.brown,701210,650,34680,Fashion Accessories,Neutral,Punjab,All,Male,TikTok,4.945736655
75,Mia Lee,@jane.doe,346981,933,44747,Smartphones,Negative,India,25-34,All,Facebook,12.89609518
76,Liam Brown,@isabella.m,728553,835,25543,Pet Supplies,Neutral,India,22-40,All,YouTube,3.505990642
77,Mason White,@mason.w,462640,994,29311,Clothing,Positive,Uttar Pradesh,25-34,Male,TikTok,6.335595712
78,Liam Brown,@mia.lee,149194,893,12415,Food Products,Neutral,West Bengal,All,All,TikTok,8.321380216
79,Liam Brown,@mia.lee,770619,371,11225,Cosmetics,Positive,India,18-30,Female,Facebook,1.456621236
80,Mason White,@isabella.m,628689,314,42584,Gaming Products,Positive,Tamil Nadu,25-40,All,Facebook,6.773460328
81,John Smith,@mason.w,967079,971,13017,Smartphones,Negative,Madhya Pradesh,25-34,Female,Twitter,1.346012063
82,Noah Davis,@sophia.w,304615,721,9526,Home Appliances,Negative,West Bengal,18-28,All,Instagram,3.127226171
83,Noah Davis,@mia.lee,671766,537,37528,Home Appliances,Negative,Rajasthan,18-30,All,TikTok,5.586469098
84,Jane Doe,@john.smith,974970,109,14332,Books,Positive,West Bengal,18-25,Female,Facebook,1.469993949
85,Isabella Moore,@noah.d,577618,406,48174,Art Supplies,Neutral,Gujarat,30-45,All,Twitter,8.340114055
86,Mason White,@emma.t,879146,679,8820,Books,Neutral,West Bengal,25-34,Male,YouTube,1.003246332
87,Liam Brown,@liam.brown,163271,219,13726,Fitness Equipment,Negative,Delhi,30-45,Male,Facebook,8.40688181
88,Emma Taylor,@olivia.c,250880,995,31060,Smartphones,Negative,Karnataka,40-50,All,YouTube,12.38042092
89,Emma Taylor,@sophia.w,398892,157,28967,Fashion Accessories,Negative,Goa,18-30,All,Twitter,7.261865367
90,Liam Brown,@liam.brown,164641,669,37643,Art Supplies,Negative,Karnataka,30-45,Male,TikTok,22.86368523
91,Mason White,@sophia.w,293101,399,47557,Pet Supplies,Negative,Rajasthan,18-28,Female,Facebook,16.22546494
92,Jane Doe,@john.smith,103360,845,49827,Eco-friendly Goods,Negative,Rajasthan,22-40,Female,Instagram,48.20723684
93,John Smith,@liam.brown,148689,509,13669,Eco-friendly Goods,Negative,Haryana,25-34,All,Twitter,9.193013606
94,Isabella Moore,@isabella.m,170766,399,44329,Fashion Accessories,Positive,Delhi,18-28,Male,Facebook,25.95891454
95,Liam Brown,@sophia.w,413139,132,46118,Cosmetics,Negative,Haryana,18-25,Male,Instagram,11.16282898
96,Emma Taylor,@mason.w,926247,548,43196,Pet Supplies,Negative,Gujarat,All,All,Twitter,4.663550867
97,Liam Brown,@mia.lee,227143,734,10428,Books,Positive,Kerala,22-40,Female,Facebook,4.590940509
98,John Smith,@john.smith,302621,186,43400,Art Supplies,Neutral,Kerala,25-40,All,YouTube,14.34137089
99,Mia Lee,@mason.w,803578,99,6915,Books,Negative,Delhi,22-40,All,Facebook,0.860526296
100,Isabella Moore,@isabella.m,996589,569,36532,Fitness Equipment,Positive,Gujarat,25-40,Female,Instagram,3.665703715
101,Liam Brown,@jane.doe,191768,573,43651,Art Supplies,Positive,Rajasthan,18-25,Male,Instagram,22.7624004
102,Isabella Moore,@olivia.c,664580,548,29148,Eco-friendly Goods,Positive,Madhya Pradesh,All,Female,TikTok,4.385927954
103,John Smith,@mason.w,259094,297,8238,Food Products,Negative,West Bengal,25-34,Male,Facebook,3.179541016
104,Liam Brown,@jane.doe,803442,71,25990,Pet Supplies,Positive,Haryana,30-45,All,YouTube,3.234832135
105,John Smith,@mia.lee,303539,427,20901,Fitness Equipment,Neutral,Haryana,All,All,YouTube,6.885770856
106,John Smith,@emma.t,931113,606,29684,Fitness Equipment,Positive,India,30-45,Male,Instagram,3.188012626
107,Isabella Moore,@john.smith,719823,522,41549,Gaming Products,Neutral,India,15-24,Male,YouTube,5.772113422
108,John Smith,@jane.doe,971613,572,22208,Eco-friendly Goods,Negative,Goa,18-30,Female,TikTok,2.285683703
109,Olivia Clark,@olivia.c,354942,123,33066,Clothing,Positive,Goa,22-40,Female,YouTube,9.31588823
110,John Smith,@john.smith,949199,883,25661,Food Products,Neutral,Kerala,18-28,Male,Facebook,2.703437319
111,John Smith,@jane.doe,584514,81,24689,Art Supplies,Neutral,Bihar,30-45,All,Instagram,4.223850926
112,Noah Davis,@mason.w,122071,821,15344,Fitness Equipment,Neutral,Uttar Pradesh,18-25,Male,TikTok,12.56973401
113,Sophia Wilson,@sophia.w,205073,550,42632,Books,Positive,Haryana,18-28,All,Facebook,20.78869476
114,Olivia Clark,@mia.lee,410217,250,42721,Gaming Products,Neutral,Bihar,18-25,Female,Facebook,10.41424417
115,Liam Brown,@jane.doe,441198,940,16687,Pet Supplies,Neutral,Haryana,All,Male,YouTube,3.782202095
116,Emma Taylor,@isabella.m,923384,294,12368,Smartphones,Neutral,Goa,18-30,Male,Twitter,1.339421086
117,John Smith,@jane.doe,326420,887,33376,Travel Services,Neutral,Maharashtra,40-50,All,Facebook,10.22486367
118,Noah Davis,@noah.d,803065,827,39300,Smartphones,Negative,India,40-50,Male,Twitter,4.893750817
119,John Smith,@mason.w,268214,260,48539,Food Products,Positive,Maharashtra,All,All,YouTube,18.09711648
120,Liam Brown,@noah.d,517718,501,46087,Gadgets,Positive,West Bengal,18-28,Male,YouTube,8.901950483
121,Liam Brown,@olivia.c,396699,632,29246,Gaming Products,Positive,Rajasthan,25-40,Male,YouTube,7.372340238
122,Liam Brown,@isabella.m,538183,513,14579,Nutrition Products,Neutral,Maharashtra,40-50,All,TikTok,2.708929862
123,Noah Davis,@noah.d,930284,767,46850,Eco-friendly Goods,Neutral,West Bengal,40-50,Female,Facebook,5.036096504
124,Liam Brown,@isabella.m,463172,590,42966,Cosmetics,Positive,Delhi,22-40,All,Facebook,9.276467489
125,Mia Lee,@mason.w,699658,951,15396,Books,Positive,Uttar Pradesh,22-40,Female,TikTok,2.200503675
126,Isabella Moore,@john.smith,194994,406,37847,Nutrition Products,Negative,Karnataka,25-34,Male,Twitter,19.40931516
127,Emma Taylor,@john.smith,420236,94,36731,Fitness Equipment,Negative,India,22-40,Female,Instagram,8.740564825
128,Noah Davis,@john.smith,223769,259,47856,Pet Supplies,Neutral,Kerala,18-25,Female,Facebook,21.38634038
129,Emma Taylor,@john.smith,656987,911,32191,Cosmetics,Negative,Karnataka,22-40,Male,Instagram,4.899792538
130,Mason White,@emma.t,866294,916,19657,Cosmetics,Negative,Goa,22-40,Female,Twitter,2.269091094
131,Emma Taylor,@liam.brown,864140,543,29948,Food Products,Positive,Madhya Pradesh,30-45,All,Facebook,3.465642141
132,Olivia Clark,@emma.t,917580,232,48466,Eco-friendly Goods,Neutral,Maharashtra,All,All,YouTube,5.28193727
133,Isabella Moore,@olivia.c,586814,623,18040,Fashion Accessories,Neutral,Delhi,All,Female,Facebook,3.07422795
134,Olivia Clark,@isabella.m,208616,189,41650,Cosmetics,Negative,Delhi,All,Female,Twitter,19.96491161
135,Liam Brown,@olivia.c,520363,744,10408,Pet Supplies,Positive,Tamil Nadu,25-34,Female,TikTok,2.000142208
136,John Smith,@sophia.w,346746,68,48200,Cosmetics,Negative,Delhi,25-40,All,Twitter,13.90066504
137,John Smith,@mia.lee,816903,610,24956,Gaming Products,Negative,Uttar Pradesh,25-34,Female,Instagram,3.054952669
138,Isabella Moore,@mason.w,248701,166,43643,Travel Services,Neutral,India,30-45,Male,YouTube,17.54838139
139,Noah Davis,@sophia.w,532252,676,40628,Food Products,Neutral,Maharashtra,18-28,Male,Instagram,7.633226366
140,Sophia Wilson,@noah.d,470874,401,44356,Pet Supplies,Positive,Delhi,25-34,Female,Twitter,9.419929748
141,Sophia Wilson,@john.smith,556836,85,33536,Clothing,Neutral,Uttar Pradesh,18-30,All,Twitter,6.022599114
142,John Smith,@emma.t,310014,916,38902,Home Appliances,Neutral,Rajasthan,18-30,All,YouTube,12.54846555
143,Liam Brown,@isabella.m,603109,625,48132,Cosmetics,Negative,Kerala,40-50,All,Instagram,7.980646948
144,Noah Davis,@noah.d,340263,684,40648,Fitness Equipment,Neutral,Karnataka,30-45,Female,TikTok,11.94605349
145,Sophia Wilson,@olivia.c,977050,974,47448,Travel Services,Neutral,Haryana,18-25,Female,Instagram,4.85625096
146,Olivia Clark,@john.smith,374760,545,27702,Fashion Accessories,Neutral,Haryana,18-25,Female,Twitter,7.391930836
147,Mia Lee,@olivia.c,341917,289,9902,Fashion Accessories,Negative,Punjab,22-40,Male,Twitter,2.896024474
148,Isabella Moore,@jane.doe,739610,273,40890,Travel Services,Negative,Punjab,40-50,Female,Facebook,5.528589392
149,Mia Lee,@jane.doe,738185,54,38307,Gadgets,Positive,Maharashtra,22-40,Male,TikTok,5.189349553
150,Mia Lee,@mia.lee,526459,941,46195,Eco-friendly Goods,Positive,Tamil Nadu,18-30,Male,Twitter,8.774662414
151,John Smith,@sophia.w,990005,212,12087,Books,Neutral,Gujarat,18-28,Female,YouTube,1.220902925
152,Mia Lee,@sophia.w,531250,965,6593,Travel Services,Neutral,Uttar Pradesh,18-28,All,YouTube,1.241035294
153,Jane Doe,@mia.lee,451617,451,28116,Fashion Accessories,Positive,West Bengal,18-30,Female,YouTube,6.225629239
154,Jane Doe,@mason.w,585098,60,29161,Gaming Products,Neutral,Maharashtra,18-30,Female,YouTube,4.983951406
155,Sophia Wilson,@jane.doe,419592,266,25549,Cosmetics,Neutral,Maharashtra,18-28,All,YouTube,6.089010277
156,Mia Lee,@emma.t,219477,370,49270,Travel Services,Negative,Rajasthan,40-50,All,Facebook,22.44882152
157,Jane Doe,@mia.lee,809967,133,22413,Fitness Equipment,Negative,Bihar,18-28,All,Facebook,2.767149773
158,Isabella Moore,@noah.d,263274,87,17265,Art Supplies,Neutral,Bihar,40-50,Female,YouTube,6.557806696
159,Olivia Clark,@noah.d,985901,61,38872,Pet Supplies,Positive,Haryana,All,All,Twitter,3.942789388
160,Emma Taylor,@john.smith,273889,171,42000,Gaming Products,Negative,West Bengal,All,Male,YouTube,15.33467938
161,Mia Lee,@liam.brown,419896,915,34371,Travel Services,Positive,Goa,40-50,All,Instagram,8.185598339
162,Mia Lee,@liam.brown,761467,761,16033,Fitness Equipment,Positive,Rajasthan,18-25,All,Instagram,2.105541015
163,Mia Lee,@isabella.m,609410,533,17527,Nutrition Products,Negative,Delhi,18-30,Female,YouTube,2.876060452
164,Mia Lee,@mia.lee,840086,709,11630,Gadgets,Positive,Madhya Pradesh,30-45,Female,Facebook,1.384382075
165,Isabella Moore,@john.smith,275737,955,23854,Fashion Accessories,Positive,Tamil Nadu,25-34,Female,Twitter,8.650997146
166,Sophia Wilson,@emma.t,288676,273,36314,Smartphones,Positive,Punjab,25-40,Female,YouTube,12.57950089
167,Mason White,@mia.lee,451849,881,5385,Home Appliances,Neutral,Madhya Pradesh,18-25,Male,YouTube,1.191769817
168,Jane Doe,@liam.brown,624631,201,19367,Smartphones,Neutral,Haryana,25-40,Female,TikTok,3.100550565
169,Noah Davis,@sophia.w,514682,845,44576,Fashion Accessories,Neutral,India,30-45,Female,TikTok,8.660881865
170,Jane Doe,@mia.lee,953931,654,38093,Books,Negative,Rajasthan,25-40,Female,TikTok,3.99326576
171,Jane Doe,@olivia.c,588875,319,6160,Pet Supplies,Negative,West Bengal,25-40,Female,YouTube,1.046062407
172,Jane Doe,@isabella.m,507610,855,13049,Pet Supplies,Neutral,Delhi,40-50,All,Instagram,2.570674337
173,Jane Doe,@isabella.m,533332,665,43124,Gaming Products,Positive,Haryana,18-30,Female,Facebook,8.085770214
174,John Smith,@jane.doe,909840,242,11766,Clothing,Neutral,Tamil Nadu,25-40,All,Instagram,1.293194408
175,Liam Brown,@jane.doe,387589,429,42871,Gaming Products,Neutral,Punjab,15-24,All,TikTok,11.06094342
176,Sophia Wilson,@liam.brown,500922,842,49984,Gaming Products,Neutral,Rajasthan,15-24,Female,Twitter,9.978399831
177,Mia Lee,@sophia.w,750787,700,26258,Travel Services,Positive,Uttar Pradesh,All,Male,Instagram,3.497396732
178,Sophia Wilson,@mia.lee,824940,135,48299,Nutrition Products,Positive,Punjab,18-30,All,Facebook,5.85485005
179,Noah Davis,@emma.t,854415,962,47855,Eco-friendly Goods,Neutral,India,18-28,Male,TikTok,5.600908224
180,John Smith,@liam.brown,938879,735,33526,Food Products,Positive,Goa,40-50,Female,Facebook,3.570854178
181,Isabella Moore,@noah.d,886367,567,41164,Fashion Accessories,Positive,Delhi,25-40,Male,Facebook,4.644125966
182,Mason White,@liam.brown,228917,898,38371,Home Appliances,Neutral,Madhya Pradesh,15-24,All,YouTube,16.7619705
183,Isabella Moore,@isabella.m,419145,735,46320,Nutrition Products,Neutral,Kerala,25-40,Female,TikTok,11.05106825
184,Mia Lee,@noah.d,777431,823,47241,Gadgets,Neutral,West Bengal,25-34,Male,TikTok,6.076552131
185,Mason White,@emma.t,992036,139,42327,Art Supplies,Neutral,Gujarat,25-34,Female,TikTok,4.266679838
186,Olivia Clark,@mason.w,681111,696,40800,Gaming Products,Positive,Uttar Pradesh,18-25,Female,YouTube,5.990213049
187,Sophia Wilson,@sophia.w,826187,613,35617,Gaming Products,Negative,Karnataka,18-25,All,YouTube,4.311009493
188,Sophia Wilson,@emma.t,939354,657,45083,Food Products,Neutral,Delhi,All,All,TikTok,4.799362115
189,Liam Brown,@jane.doe,893443,776,45049,Home Appliances,Neutral,Maharashtra,22-40,All,Instagram,5.042179523
190,Noah Davis,@isabella.m,846757,610,29763,Art Supplies,Neutral,West Bengal,25-40,Female,Twitter,3.514939941
191,Noah Davis,@liam.brown,436706,607,48866,Food Products,Positive,Bihar,40-50,Male,YouTube,11.1896791
192,Sophia Wilson,@liam.brown,633497,257,28611,Books,Negative,Maharashtra,15-24,All,Instagram,4.516359193
193,Sophia Wilson,@mason.w,315204,355,21346,Gaming Products,Neutral,Haryana,40-50,Male,TikTok,6.772122181
194,Olivia Clark,@noah.d,924261,985,49562,Art Supplies,Neutral,Delhi,30-45,Female,Twitter,5.362338127
195,Liam Brown,@jane.doe,345548,451,14205,Smartphones,Positive,Kerala,18-28,All,YouTube,4.110861588
196,Olivia Clark,@liam.brown,779710,741,5388,Smartphones,Positive,West Bengal,18-28,Male,TikTok,0.691026151
197,Olivia Clark,@mason.w,290740,902,29172,Art Supplies,Positive,India,30-45,All,TikTok,10.03370709
198,Emma Taylor,@noah.d,138924,791,11409,Gaming Products,Negative,Haryana,25-34,Male,TikTok,8.212403904
199,Emma Taylor,@olivia.c,788120,888,39152,Cosmetics,Negative,Gujarat,All,All,YouTube,4.967771405
200,Olivia Clark,@olivia.c,216394,110,45746,Fashion Accessories,Positive,Maharashtra,30-45,All,Instagram,21.14014252
201,Mason White,@sophia.w,426210,514,40567,Eco-friendly Goods,Neutral,Goa,25-34,Female,Instagram,9.518077943
202,Noah Davis,@isabella.m,574655,721,9808,Books,Positive,Goa,15-24,All,Facebook,1.706763188
203,Emma Taylor,@mia.lee,273654,319,45801,Gaming Products,Negative,Gujarat,18-28,Female,Facebook,16.73682826
204,Sophia Wilson,@isabella.m,788474,340,8126,Cosmetics,Negative,Tamil Nadu,15-24,All,TikTok,1.030598346
205,Liam Brown,@sophia.w,408253,933,48495,Art Supplies,Positive,Rajasthan,18-30,All,YouTube,11.87866348
206,Olivia Clark,@sophia.w,578181,530,45544,Fitness Equipment,Positive,West Bengal,15-24,Male,Instagram,7.877118065
207,Mason White,@liam.brown,289008,483,21971,Fitness Equipment,Negative,Punjab,18-28,Male,YouTube,7.602211703
208,Liam Brown,@john.smith,954293,395,27226,Home Appliances,Negative,Rajasthan,18-30,All,Facebook,2.85300217
209,Olivia Clark,@liam.brown,241853,186,23789,Smartphones,Neutral,Karnataka,18-28,Male,Instagram,9.836140135
210,Emma Taylor,@mason.w,365982,809,39109,Cosmetics,Negative,Gujarat,40-50,All,TikTok,10.68604467
211,Sophia Wilson,@liam.brown,319310,931,32799,Gaming Products,Positive,India,25-40,All,Instagram,10.27183615
212,Olivia Clark,@noah.d,788593,467,43124,Fitness Equipment,Neutral,Karnataka,25-40,All,Facebook,5.468473598
213,Mia Lee,@mason.w,986579,851,40628,Travel Services,Negative,Delhi,18-30,All,Twitter,4.118068599
214,Isabella Moore,@sophia.w,561010,676,12600,Fashion Accessories,Neutral,Kerala,15-24,Female,Facebook,2.24594927
215,Olivia Clark,@jane.doe,868842,130,37776,Books,Neutral,Bihar,15-24,Male,TikTok,4.347856112
216,Sophia Wilson,@olivia.c,412419,152,18422,Art Supplies,Neutral,Maharashtra,18-28,Female,Instagram,4.466816514
217,John Smith,@john.smith,926561,768,11047,Fashion Accessories,Neutral,Maharashtra,30-45,Male,Twitter,1.192258254
218,Isabella Moore,@liam.brown,916647,561,9547,Fitness Equipment,Positive,Rajasthan,18-28,All,TikTok,1.041513254
219,Liam Brown,@mason.w,351659,554,19020,Gadgets,Negative,Bihar,18-25,All,TikTok,5.408648719
220,Liam Brown,@mia.lee,808891,252,19591,Nutrition Products,Positive,Maharashtra,25-34,Male,Facebook,2.421957965
221,Jane Doe,@mason.w,797091,835,11918,Gadgets,Negative,Gujarat,25-40,Male,TikTok,1.495186873
222,Emma Taylor,@emma.t,340368,968,29492,Gadgets,Neutral,Karnataka,22-40,All,Twitter,8.664739341
223,John Smith,@jane.doe,153175,778,41920,Gadgets,Positive,Bihar,30-45,Female,TikTok,27.36739024
224,Mason White,@sophia.w,496504,892,11975,Gaming Products,Negative,Bihar,18-28,All,Twitter,2.411863751
225,Isabella Moore,@olivia.c,947400,60,32926,Books,Negative,Rajasthan,25-34,All,YouTube,3.475406375
226,Mason White,@isabella.m,289840,645,39465,Home Appliances,Neutral,Haryana,30-45,Male,TikTok,13.61613304
227,Liam Brown,@olivia.c,821895,774,46598,Food Products,Neutral,Tamil Nadu,25-34,Female,Facebook,5.669580664
228,Emma Taylor,@mia.lee,223076,929,37224,Cosmetics,Neutral,Delhi,18-25,Female,YouTube,16.68668974
229,Jane Doe,@liam.brown,738362,574,31474,Pet Supplies,Negative,Haryana,30-45,Male,Twitter,4.26267874
230,Isabella Moore,@olivia.c,973454,965,25421,Gaming Products,Neutral,Haryana,15-24,Female,Instagram,2.61142283
231,Emma Taylor,@jane.doe,811083,226,25790,Fitness Equipment,Negative,Goa,40-50,All,TikTok,3.179699242
232,John Smith,@isabella.m,275901,120,22513,Books,Positive,Goa,15-24,All,Twitter,8.159810947
233,Emma Taylor,@mia.lee,885122,312,20669,Fashion Accessories,Neutral,Bihar,15-24,All,Instagram,2.335158317
234,John Smith,@john.smith,100729,342,11170,Fitness Equipment,Neutral,Haryana,18-25,Female,Instagram,11.08916002
235,Mason White,@isabella.m,434797,117,5969,Smartphones,Negative,Karnataka,All,Male,Twitter,1.37282456
236,John Smith,@liam.brown,995579,325,9472,Travel Services,Negative,Delhi,22-40,All,TikTok,0.951406167
237,Mia Lee,@noah.d,739827,508,44366,Clothing,Positive,Rajasthan,30-45,Female,Twitter,5.996807362
238,Jane Doe,@mia.lee,735464,496,14323,Nutrition Products,Neutral,Tamil Nadu,30-45,All,Facebook,1.947478055
239,John Smith,@liam.brown,597440,686,31632,Gaming Products,Positive,Maharashtra,18-28,Male,TikTok,5.294590252
240,John Smith,@jane.doe,888674,844,31422,Pet Supplies,Negative,Madhya Pradesh,40-50,Male,Twitter,3.535829787
241,Isabella Moore,@mason.w,855350,120,37134,Art Supplies,Negative,Haryana,18-30,Female,Instagram,4.341380721
242,Mason White,@noah.d,737154,955,31848,Pet Supplies,Neutral,West Bengal,18-30,Male,Facebook,4.320399808
243,Olivia Clark,@mia.lee,705951,91,5831,Food Products,Negative,Punjab,30-45,Female,TikTok,0.825978007
244,Noah Davis,@sophia.w,316087,473,15452,Cosmetics,Neutral,West Bengal,18-30,Female,Instagram,4.888527526
245,Jane Doe,@emma.t,779810,808,32382,Travel Services,Negative,Delhi,All,Female,YouTube,4.15254998
246,Liam Brown,@liam.brown,361581,494,11185,Clothing,Negative,Uttar Pradesh,22-40,Female,TikTok,3.093359441
247,Emma Taylor,@john.smith,151635,289,31774,Clothing,Neutral,Punjab,18-28,Female,TikTok,20.95426518
248,Liam Brown,@emma.t,488259,845,26735,Pet Supplies,Positive,West Bengal,25-40,Male,TikTok,5.475577511
249,Sophia Wilson,@jane.doe,515399,376,39022,Food Products,Positive,Bihar,22-40,Female,YouTube,7.57122152
250,Emma Taylor,@john.smith,677377,394,36937,Eco-friendly Goods,Neutral,Karnataka,All,All,YouTube,5.452945701
251,Olivia Clark,@sophia.w,743166,59,9551,Eco-friendly Goods,Neutral,Haryana,15-24,All,Instagram,1.285177201
252,Mia Lee,@olivia.c,293087,771,15201,Eco-friendly Goods,Negative,Punjab,22-40,Male,Twitter,5.186514584
253,Sophia Wilson,@olivia.c,204844,402,27876,Travel Services,Positive,Rajasthan,15-24,Female,Facebook,13.60840444
254,Liam Brown,@noah.d,950816,815,21809,Cosmetics,Positive,Kerala,25-40,Female,Instagram,2.293714031
255,Mia Lee,@emma.t,930684,841,43024,Fitness Equipment,Negative,Delhi,15-24,Female,TikTok,4.622836537
256,John Smith,@john.smith,687261,84,29095,Eco-friendly Goods,Negative,Karnataka,18-30,Male,YouTube,4.233471709
257,John Smith,@isabella.m,544388,585,22642,Home Appliances,Neutral,India,18-28,Female,Twitter,4.159165889
258,Sophia Wilson,@john.smith,966273,718,8207,Art Supplies,Negative,West Bengal,22-40,Male,TikTok,0.849345889
259,Mason White,@liam.brown,944512,563,34055,Smartphones,Positive,Rajasthan,18-30,Female,Twitter,3.605565625
260,John Smith,@isabella.m,319130,389,15602,Fashion Accessories,Neutral,Bihar,All,Female,Facebook,4.888916742
261,Mia Lee,@olivia.c,758624,140,20168,Fitness Equipment,Positive,Rajasthan,18-28,All,TikTok,2.65849749
262,Olivia Clark,@noah.d,793823,985,8756,Clothing,Negative,Bihar,All,All,TikTok,1.103016667
263,Noah Davis,@liam.brown,830621,641,13413,Pet Supplies,Neutral,Madhya Pradesh,40-50,Female,Facebook,1.614815903
264,Jane Doe,@emma.t,457484,292,26300,Books,Positive,Punjab,25-40,Male,Facebook,5.748834932
265,Emma Taylor,@liam.brown,638749,163,12397,Gadgets,Negative,Uttar Pradesh,18-28,Male,TikTok,1.940824956
266,Mia Lee,@liam.brown,456819,699,12654,Travel Services,Neutral,Gujarat,40-50,Female,YouTube,2.77002489
267,Isabella Moore,@olivia.c,918260,115,10389,Clothing,Negative,Haryana,18-30,Male,Facebook,1.131378912
268,Noah Davis,@emma.t,547038,476,8776,Clothing,Negative,Uttar Pradesh,22-40,Male,Facebook,1.60427612
269,Isabella Moore,@mason.w,496153,954,22773,Cosmetics,Negative,Goa,18-28,Male,Twitter,4.589914805
270,Sophia Wilson,@emma.t,368776,490,18552,Art Supplies,Neutral,Gujarat,40-50,Male,TikTok,5.030696141
271,Sophia Wilson,@liam.brown,774147,507,8011,Pet Supplies,Positive,Bihar,30-45,Female,Facebook,1.034816385
272,Emma Taylor,@mason.w,130978,765,24013,Cosmetics,Positive,Delhi,18-28,All,YouTube,18.33361328
273,Jane Doe,@liam.brown,667168,564,32956,Travel Services,Negative,Maharashtra,40-50,All,YouTube,4.939685357
274,Isabella Moore,@liam.brown,948834,881,21426,Gaming Products,Positive,Punjab,40-50,All,Instagram,2.258139991
275,Isabella Moore,@mason.w,461487,295,27080,Cosmetics,Negative,Punjab,22-40,Male,Facebook,5.867987614
276,Mia Lee,@john.smith,818996,70,9019,Fashion Accessories,Neutral,Rajasthan,22-40,Female,TikTok,1.10122638
277,Olivia Clark,@liam.brown,619147,324,15115,Pet Supplies,Positive,Rajasthan,All,Female,Instagram,2.44126193
278,Isabella Moore,@mia.lee,923535,364,47857,Eco-friendly Goods,Positive,Karnataka,22-40,All,YouTube,5.181936797
279,John Smith,@liam.brown,811862,712,49342,Fitness Equipment,Positive,Haryana,All,Female,TikTok,6.077633884
280,Noah Davis,@isabella.m,225597,240,9051,Books,Neutral,Tamil Nadu,18-30,All,TikTok,4.012021436
281,Isabella Moore,@john.smith,420775,715,39798,Eco-friendly Goods,Neutral,Kerala,All,All,Instagram,9.458261541
282,Emma Taylor,@isabella.m,392846,431,25297,Books,Negative,Maharashtra,All,Male,YouTube,6.439419009
283,Mason White,@emma.t,332032,849,7669,Clothing,Negative,Punjab,22-40,Female,YouTube,2.309717136
284,John Smith,@sophia.w,329323,979,16703,Art Supplies,Neutral,Punjab,18-28,Female,Instagram,5.071920273
285,Jane Doe,@mia.lee,113327,183,25307,Smartphones,Neutral,Madhya Pradesh,40-50,Male,Facebook,22.33095379
286,Olivia Clark,@john.smith,186869,178,31036,Nutrition Products,Neutral,Tamil Nadu,18-30,Male,Instagram,16.60842622
287,Olivia Clark,@jane.doe,533236,685,45252,Home Appliances,Positive,Bihar,18-28,All,Instagram,8.48629875
288,Noah Davis,@jane.doe,417319,295,17427,Art Supplies,Positive,Kerala,All,All,YouTube,4.175942145
289,Mia Lee,@sophia.w,526466,294,39126,Fashion Accessories,Neutral,Maharashtra,25-40,All,Facebook,7.431818959
290,John Smith,@liam.brown,623485,546,15882,Fitness Equipment,Negative,Uttar Pradesh,40-50,All,YouTube,2.547294642
291,John Smith,@jane.doe,878941,950,36868,Fitness Equipment,Negative,India,18-25,All,Facebook,4.194593266
292,John Smith,@sophia.w,223855,702,14157,Cosmetics,Negative,Haryana,25-40,All,TikTok,6.324183065
293,Emma Taylor,@olivia.c,448459,498,11041,Home Appliances,Neutral,Gujarat,30-45,Male,Twitter,2.461986492
294,Isabella Moore,@isabella.m,521378,972,30507,Food Products,Negative,Karnataka,30-45,Female,Twitter,5.851225023
295,Mia Lee,@john.smith,769078,790,42669,Cosmetics,Negative,Gujarat,25-34,Male,Facebook,5.548071847
296,Olivia Clark,@olivia.c,262154,95,42514,Pet Supplies,Neutral,Punjab,40-50,All,TikTok,16.21718532
297,Jane Doe,@liam.brown,761622,402,10759,Gadgets,Positive,Delhi,22-40,All,Facebook,1.412643017
298,John Smith,@emma.t,799151,985,32370,Books,Negative,Bihar,18-25,Male,Facebook,4.050548645
299,Isabella Moore,@jane.doe,623788,663,39517,Food Products,Negative,Madhya Pradesh,25-34,Male,Instagram,6.335004841
300,Jane Doe,@liam.brown,912309,882,24149,Fitness Equipment,Positive,Uttar Pradesh,25-40,All,Twitter,2.647019815
301,John Smith,@emma.t,898029,927,7622,Smartphones,Neutral,Karnataka,18-25,All,Instagram,0.848747646
302,Mia Lee,@noah.d,689505,172,40061,Books,Neutral,Bihar,25-40,Female,Facebook,5.810110151
303,Mia Lee,@jane.doe,459395,727,36594,Clothing,Positive,Bihar,25-34,Male,TikTok,7.965694011
304,Jane Doe,@olivia.c,741846,183,5106,Books,Positive,India,18-25,Male,TikTok,0.688283013
305,Isabella Moore,@mia.lee,314518,101,36005,Books,Positive,Gujarat,All,Female,Facebook,11.44767549
306,Sophia Wilson,@isabella.m,289067,266,40549,Eco-friendly Goods,Positive,Delhi,18-28,Male,Facebook,14.02754379
307,John Smith,@emma.t,534163,126,6790,Fitness Equipment,Positive,Kerala,25-34,Female,YouTube,1.271147571
308,Noah Davis,@isabella.m,330034,258,6686,Art Supplies,Positive,Punjab,18-28,All,Facebook,2.025851882
309,Olivia Clark,@john.smith,724486,447,49898,Pet Supplies,Neutral,Gujarat,25-34,Female,Instagram,6.887365663
310,Mason White,@isabella.m,333209,999,12192,Smartphones,Positive,Haryana,30-45,Male,TikTok,3.658964794
311,Mason White,@mia.lee,605392,448,6606,Books,Neutral,India,40-50,All,TikTok,1.091193805
312,Emma Taylor,@emma.t,491742,221,24256,Books,Neutral,Goa,30-45,Male,Facebook,4.932667944
313,Olivia Clark,@emma.t,630105,604,25163,Eco-friendly Goods,Neutral,Delhi,30-45,Male,Instagram,3.993461407
314,Olivia Clark,@mia.lee,893773,747,43644,Gadgets,Neutral,Maharashtra,25-40,Female,Facebook,4.883119092
315,Olivia Clark,@emma.t,908526,882,42039,Home Appliances,Neutral,Maharashtra,30-45,All,Twitter,4.627165321
316,John Smith,@liam.brown,819292,957,10786,Home Appliances,Positive,Punjab,18-28,All,Twitter,1.316502541
317,Noah Davis,@olivia.c,548833,601,44793,Fashion Accessories,Negative,Haryana,18-28,Female,TikTok,8.161499035
318,Jane Doe,@john.smith,444313,604,11658,Nutrition Products,Positive,Tamil Nadu,18-25,Male,Twitter,2.623825997
319,Mia Lee,@emma.t,690130,209,32486,Fashion Accessories,Positive,Bihar,25-40,Male,TikTok,4.707229073
320,Liam Brown,@noah.d,655688,980,11888,Nutrition Products,Positive,Haryana,18-25,Male,TikTok,1.81305743
321,Jane Doe,@noah.d,905997,287,18896,Nutrition Products,Positive,Tamil Nadu,30-45,Male,YouTube,2.08565812
322,Mason White,@olivia.c,900122,762,38197,Gaming Products,Negative,Goa,15-24,All,Facebook,4.243535876
323,Noah Davis,@isabella.m,910809,729,17347,Home Appliances,Positive,Goa,25-40,All,Facebook,1.904570552
324,Mason White,@mia.lee,548974,116,5068,Fitness Equipment,Negative,Punjab,30-45,Male,TikTok,0.92317669
325,Olivia Clark,@noah.d,725026,418,31380,Nutrition Products,Positive,Delhi,15-24,Male,Facebook,4.328120647
326,John Smith,@olivia.c,887739,540,23132,Cosmetics,Positive,Karnataka,18-28,Female,Instagram,2.605720826
327,Olivia Clark,@mason.w,437237,157,9753,Clothing,Negative,Karnataka,18-30,Female,Twitter,2.230598051
328,Emma Taylor,@jane.doe,823652,293,26356,Cosmetics,Neutral,Tamil Nadu,30-45,Female,TikTok,3.199895101
329,Emma Taylor,@mason.w,382387,339,31206,Nutrition Products,Negative,West Bengal,18-30,Female,Instagram,8.160842288
330,Mia Lee,@liam.brown,603804,535,17263,Books,Positive,Delhi,15-24,All,Instagram,2.859040351
331,Noah Davis,@sophia.w,416450,170,9056,Smartphones,Neutral,Haryana,30-45,All,Facebook,2.174570777
332,Isabella Moore,@john.smith,969595,516,5696,Smartphones,Neutral,Gujarat,22-40,Male,YouTube,0.587461775
333,Liam Brown,@john.smith,504069,570,43090,Fitness Equipment,Negative,Maharashtra,All,All,Facebook,8.548432853
334,Isabella Moore,@isabella.m,762010,97,25555,Nutrition Products,Positive,Haryana,18-25,Female,YouTube,3.35363053
335,Olivia Clark,@sophia.w,274599,525,11962,Travel Services,Negative,India,18-28,All,Twitter,4.35617027
336,Emma Taylor,@olivia.c,651309,486,37113,Fitness Equipment,Neutral,India,15-24,All,YouTube,5.698216975
337,Olivia Clark,@olivia.c,455159,61,9551,Gaming Products,Neutral,Uttar Pradesh,25-40,All,Twitter,2.098387596
338,Emma Taylor,@sophia.w,182020,408,46581,Eco-friendly Goods,Negative,Bihar,18-25,Female,Facebook,25.59114383
339,Mia Lee,@sophia.w,357118,708,9387,Gaming Products,Neutral,Kerala,18-30,All,YouTube,2.628542947
340,Mia Lee,@jane.doe,779541,133,32637,Eco-friendly Goods,Positive,Haryana,18-28,All,Facebook,4.186694478
341,Mia Lee,@sophia.w,751632,503,24657,Smartphones,Positive,Uttar Pradesh,30-45,Female,TikTok,3.280461715
342,Emma Taylor,@mason.w,152402,600,18642,Fitness Equipment,Negative,Bihar,40-50,Male,Instagram,12.23212294
343,Sophia Wilson,@liam.brown,674235,256,12401,Eco-friendly Goods,Neutral,Haryana,25-40,Female,Facebook,1.839269691
344,Sophia Wilson,@mason.w,297896,466,35197,Art Supplies,Neutral,Tamil Nadu,25-40,Male,Twitter,11.81519725
345,Emma Taylor,@mason.w,362122,664,20815,Clothing,Negative,West Bengal,18-25,Female,Facebook,5.748062808
346,Mia Lee,@liam.brown,876872,460,24581,Clothing,Neutral,Tamil Nadu,18-30,Male,YouTube,2.803259769
347,Mia Lee,@noah.d,910789,165,38300,Fitness Equipment,Neutral,Delhi,18-28,Female,YouTube,4.205145209
348,Noah Davis,@noah.d,698258,811,30613,Art Supplies,Neutral,Madhya Pradesh,18-30,Female,Twitter,4.384196099
349,Mia Lee,@emma.t,123087,458,9973,Fitness Equipment,Negative,West Bengal,25-40,Male,Twitter,8.102399116
350,Olivia Clark,@emma.t,675046,833,21446,Fitness Equipment,Negative,Kerala,15-24,All,Facebook,3.176968681
351,Jane Doe,@isabella.m,479899,167,37963,Pet Supplies,Positive,Goa,25-34,All,Facebook,7.91062286
352,John Smith,@mason.w,951867,402,33146,Home Appliances,Neutral,Kerala,25-40,Female,Facebook,3.482209174
353,Noah Davis,@emma.t,711786,755,10711,Fitness Equipment,Neutral,Karnataka,15-24,Female,Twitter,1.50480622
354,Mason White,@mia.lee,199021,664,9662,Fashion Accessories,Negative,Rajasthan,30-45,Female,Twitter,4.85476407
355,Isabella Moore,@isabella.m,265396,285,40858,Books,Negative,Goa,18-30,Male,Instagram,15.39510769
356,Noah Davis,@isabella.m,205613,234,38231,Travel Services,Neutral,Rajasthan,15-24,All,TikTok,18.59366869
357,Olivia Clark,@olivia.c,667331,854,12205,Home Appliances,Negative,Bihar,18-30,Male,Twitter,1.828927474
358,Noah Davis,@sophia.w,829595,802,26198,Pet Supplies,Negative,Tamil Nadu,18-28,All,YouTube,3.157926458
359,Liam Brown,@sophia.w,247135,644,36031,Gadgets,Neutral,Gujarat,25-40,All,YouTube,14.57948085
360,Mason White,@emma.t,204842,561,30352,Gaming Products,Negative,Punjab,18-28,All,Instagram,14.8172738
361,Noah Davis,@sophia.w,934674,402,21054,Gadgets,Positive,Goa,30-45,All,YouTube,2.252550087
362,John Smith,@noah.d,134858,647,43179,Food Products,Neutral,Madhya Pradesh,30-45,Male,YouTube,32.01812277
363,Olivia Clark,@mia.lee,596521,681,30209,Home Appliances,Positive,Karnataka,All,Female,YouTube,5.064197237
364,Jane Doe,@mason.w,316966,760,44762,Pet Supplies,Positive,Rajasthan,22-40,Male,YouTube,14.1220194
365,Olivia Clark,@mia.lee,147730,316,38644,Gadgets,Positive,Madhya Pradesh,All,Female,Instagram,26.15853246
366,Mia Lee,@mia.lee,832903,320,36357,Gadgets,Neutral,Goa,40-50,Female,Twitter,4.365094135
367,Liam Brown,@liam.brown,165373,924,40811,Art Supplies,Neutral,Kerala,18-25,All,YouTube,24.67815181
368,Noah Davis,@mia.lee,386459,456,14866,Home Appliances,Negative,Madhya Pradesh,18-28,Female,Instagram,3.846721127
369,Jane Doe,@liam.brown,154857,586,18721,Travel Services,Positive,West Bengal,22-40,Female,YouTube,12.08921779
370,John Smith,@emma.t,500887,966,22886,Home Appliances,Negative,West Bengal,25-34,Male,YouTube,4.569094426
371,Emma Taylor,@olivia.c,942599,213,20270,Nutrition Products,Neutral,Gujarat,15-24,Female,Instagram,2.150437249
372,John Smith,@sophia.w,511336,678,31462,Smartphones,Neutral,Madhya Pradesh,18-25,All,YouTube,6.152901419
373,John Smith,@jane.doe,701417,562,29474,Eco-friendly Goods,Negative,Karnataka,22-40,Male,Instagram,4.202065248
374,Isabella Moore,@john.smith,285655,151,34453,Gaming Products,Positive,Bihar,18-25,All,YouTube,12.06105267
375,Emma Taylor,@mason.w,734976,755,15480,Gaming Products,Positive,Haryana,All,Male,TikTok,2.106191223
376,Olivia Clark,@emma.t,757146,255,42208,Art Supplies,Neutral,Maharashtra,30-45,Female,Twitter,5.57461837
377,Sophia Wilson,@liam.brown,474961,972,42776,Fitness Equipment,Neutral,India,30-45,Female,Instagram,9.006213142
378,Emma Taylor,@jane.doe,917096,956,17977,Food Products,Negative,Madhya Pradesh,15-24,All,TikTok,1.960209182
379,Emma Taylor,@emma.t,993393,859,20747,Fashion Accessories,Positive,Tamil Nadu,25-40,Female,Facebook,2.088498711
380,Noah Davis,@emma.t,598821,657,23243,Books,Neutral,Punjab,18-28,Female,Instagram,3.881460403
381,Sophia Wilson,@mason.w,496517,374,27868,Home Appliances,Neutral,Maharashtra,25-40,Female,YouTube,5.612698055
382,Jane Doe,@sophia.w,780380,931,18582,Gaming Products,Positive,Goa,25-40,Female,YouTube,2.381147646
383,Mason White,@olivia.c,977252,844,38756,Gaming Products,Negative,Kerala,18-30,All,Instagram,3.965814345
384,Jane Doe,@liam.brown,765658,74,19857,Home Appliances,Positive,Maharashtra,25-40,Male,Facebook,2.593455564
385,Liam Brown,@mason.w,165325,718,37377,Clothing,Positive,West Bengal,18-28,Male,Facebook,22.60819598
386,Emma Taylor,@john.smith,799178,564,34945,Gadgets,Positive,Maharashtra,40-50,Male,Facebook,4.372617865
387,Sophia Wilson,@sophia.w,475108,368,9304,Gaming Products,Positive,Delhi,18-25,Female,Instagram,1.958291588
388,Mason White,@olivia.c,343755,649,9040,Nutrition Products,Negative,Karnataka,All,Male,TikTok,2.62977993
389,Olivia Clark,@olivia.c,801356,953,30047,Smartphones,Negative,West Bengal,15-24,Female,Twitter,3.749519564
390,Isabella Moore,@liam.brown,361648,495,33182,Smartphones,Negative,Tamil Nadu,18-25,All,YouTube,9.175220104
391,Sophia Wilson,@john.smith,569514,542,12773,Home Appliances,Neutral,India,18-30,Female,Facebook,2.242789466
392,John Smith,@emma.t,854901,53,20626,Cosmetics,Positive,Karnataka,25-34,Male,Twitter,2.412677023
393,Jane Doe,@sophia.w,491208,574,26946,Food Products,Positive,Bihar,15-24,Male,YouTube,5.485659843
394,Sophia Wilson,@olivia.c,500381,657,11725,Eco-friendly Goods,Neutral,Punjab,40-50,All,Facebook,2.343214471
395,Mia Lee,@olivia.c,827014,396,14554,Gadgets,Positive,Madhya Pradesh,25-40,All,Instagram,1.759825106
396,Jane Doe,@mia.lee,545947,569,39009,Smartphones,Neutral,Tamil Nadu,All,Male,Twitter,7.145199076
397,Olivia Clark,@mia.lee,687561,210,36444,Food Products,Positive,Haryana,25-34,Female,Twitter,5.300475158
398,Jane Doe,@sophia.w,460219,870,31862,Books,Negative,India,18-25,Male,YouTube,6.923225682
399,Mia Lee,@isabella.m,550128,911,34507,Fashion Accessories,Negative,Maharashtra,All,Male,YouTube,6.272540209
400,Emma Taylor,@john.smith,101226,375,47694,Travel Services,Positive,Goa,18-28,Male,Twitter,47.11635351
401,Noah Davis,@sophia.w,462550,567,11428,Clothing,Negative,Gujarat,30-45,All,Facebook,2.470651821
402,John Smith,@jane.doe,195584,903,45192,Eco-friendly Goods,Neutral,Maharashtra,25-40,Male,Twitter,23.10618455
403,Liam Brown,@emma.t,190558,754,12057,Fashion Accessories,Negative,Punjab,18-30,Female,TikTok,6.327207464
404,Liam Brown,@mason.w,924689,488,37264,Pet Supplies,Positive,Maharashtra,15-24,All,Instagram,4.029895457
405,Liam Brown,@jane.doe,313230,902,29542,Gaming Products,Neutral,Delhi,25-34,All,TikTok,9.43140823
406,John Smith,@jane.doe,227194,874,17615,Fashion Accessories,Negative,Rajasthan,15-24,Male,Instagram,7.753285738
407,Olivia Clark,@olivia.c,267206,396,6087,Smartphones,Neutral,Goa,All,All,Twitter,2.278017709
408,John Smith,@john.smith,102032,344,14344,Fashion Accessories,Positive,Kerala,18-25,All,Twitter,14.05833464
409,Isabella Moore,@jane.doe,553666,781,41764,Gadgets,Negative,Delhi,18-28,All,Twitter,7.54317585
410,Isabella Moore,@liam.brown,675028,362,41112,Eco-friendly Goods,Neutral,Bihar,25-34,Male,YouTube,6.090414027
411,Mason White,@john.smith,951799,268,40259,Smartphones,Positive,India,15-24,Male,TikTok,4.229779607
412,Isabella Moore,@sophia.w,382736,982,17702,Nutrition Products,Neutral,Uttar Pradesh,25-34,All,TikTok,4.625120187
413,John Smith,@emma.t,555393,537,20900,Fitness Equipment,Neutral,Haryana,30-45,All,Instagram,3.763101083
414,Olivia Clark,@olivia.c,878168,895,12607,Gadgets,Positive,India,30-45,All,YouTube,1.435602299
415,Emma Taylor,@mia.lee,516678,579,7871,Gadgets,Positive,Tamil Nadu,All,Female,Twitter,1.523385939
416,Sophia Wilson,@noah.d,762063,83,15554,Home Appliances,Negative,Tamil Nadu,18-25,All,Twitter,2.041038602
417,Olivia Clark,@mia.lee,399544,699,38867,Books,Neutral,Karnataka,22-40,Male,YouTube,9.727839737
418,John Smith,@isabella.m,432943,832,25045,Fitness Equipment,Neutral,Karnataka,18-30,All,YouTube,5.784826178
419,John Smith,@noah.d,920827,854,31458,Travel Services,Positive,Delhi,18-25,All,Twitter,3.41627689
420,Mia Lee,@olivia.c,617963,551,17846,Eco-friendly Goods,Negative,Haryana,30-45,All,Instagram,2.887875164
421,Mason White,@mason.w,552510,998,39245,Art Supplies,Positive,Delhi,40-50,Male,Twitter,7.103038859
422,Mason White,@mia.lee,819865,249,8677,Food Products,Neutral,Karnataka,All,All,Twitter,1.058344971
423,Emma Taylor,@isabella.m,485740,413,10976,Smartphones,Negative,Uttar Pradesh,18-25,Female,TikTok,2.259645078
424,Olivia Clark,@noah.d,242215,515,45666,Eco-friendly Goods,Negative,Maharashtra,30-45,Female,Facebook,18.85349793
425,John Smith,@noah.d,854307,919,11157,Clothing,Positive,Delhi,40-50,Male,Facebook,1.305970804
426,Jane Doe,@liam.brown,757851,126,26515,Smartphones,Positive,Punjab,18-30,Male,YouTube,3.498708849
427,Sophia Wilson,@mason.w,900011,472,22724,Cosmetics,Neutral,Haryana,22-40,All,Twitter,2.52485803
428,Olivia Clark,@noah.d,770820,385,18691,Travel Services,Positive,Madhya Pradesh,25-40,Female,Twitter,2.424820321
429,John Smith,@jane.doe,417468,452,16940,Fitness Equipment,Negative,India,18-25,Male,Twitter,4.057796047
430,John Smith,@emma.t,629325,554,9951,Eco-friendly Goods,Negative,Karnataka,22-40,Male,Facebook,1.581217972
431,Olivia Clark,@mia.lee,831375,877,18750,Travel Services,Negative,Tamil Nadu,25-34,All,TikTok,2.255299955
432,Noah Davis,@isabella.m,396057,483,34186,Books,Positive,India,All,Male,TikTok,8.631585858
433,Olivia Clark,@emma.t,435460,165,36404,Pet Supplies,Neutral,Delhi,25-34,All,Instagram,8.359895283
434,Mason White,@liam.brown,676908,140,41818,Cosmetics,Negative,Goa,18-25,Male,Facebook,6.177796687
435,Emma Taylor,@liam.brown,651949,846,20266,Nutrition Products,Negative,Tamil Nadu,40-50,Male,Facebook,3.10852536
436,Mason White,@sophia.w,324344,754,37961,Art Supplies,Negative,Madhya Pradesh,18-25,Female,Instagram,11.70393163
437,John Smith,@emma.t,892499,464,36012,Art Supplies,Negative,Maharashtra,18-30,Male,Facebook,4.034962504
438,Emma Taylor,@mason.w,621645,712,26196,Fitness Equipment,Negative,Gujarat,25-40,Female,Instagram,4.213980648
439,Olivia Clark,@noah.d,831103,456,22122,Gaming Products,Positive,Madhya Pradesh,25-40,Female,Twitter,2.661763945
440,Mason White,@olivia.c,887789,435,5486,Clothing,Negative,Delhi,30-45,Male,Facebook,0.617939623
441,Mason White,@jane.doe,553555,134,7528,Pet Supplies,Negative,Maharashtra,18-30,Female,Facebook,1.359937134
442,Isabella Moore,@mia.lee,510149,372,41111,Fashion Accessories,Negative,Uttar Pradesh,18-30,All,Twitter,8.058626009
443,Sophia Wilson,@sophia.w,724144,478,23886,Smartphones,Neutral,Goa,40-50,Male,Facebook,3.298515212
444,John Smith,@noah.d,574454,269,28369,Smartphones,Positive,Kerala,18-25,All,Facebook,4.93842849
445,Mia Lee,@isabella.m,858130,444,37279,Fitness Equipment,Positive,Madhya Pradesh,25-40,Female,Instagram,4.344213581
446,Mason White,@sophia.w,675396,217,47163,Gadgets,Positive,Haryana,22-40,Male,Twitter,6.983014409
447,Mia Lee,@sophia.w,648526,482,31792,Smartphones,Negative,India,18-25,Female,YouTube,4.90219359
448,Emma Taylor,@john.smith,235065,520,18679,Clothing,Negative,Maharashtra,15-24,Male,Instagram,7.946312722
449,Liam Brown,@liam.brown,107671,316,34144,Art Supplies,Neutral,Haryana,30-45,Female,Twitter,31.71141719
450,Mia Lee,@mia.lee,773274,364,32788,Nutrition Products,Positive,West Bengal,15-24,Female,Twitter,4.240152908
451,Sophia Wilson,@noah.d,159430,683,19567,Cosmetics,Neutral,Maharashtra,22-40,Female,Instagram,12.27309791
452,Isabella Moore,@liam.brown,731303,722,13367,Smartphones,Positive,India,25-34,All,Facebook,1.827833333
453,Mason White,@mia.lee,699006,732,35026,Fitness Equipment,Neutral,Bihar,30-45,All,YouTube,5.010829664
454,Sophia Wilson,@mia.lee,322963,412,29089,Fitness Equipment,Negative,Goa,18-28,Male,Facebook,9.006914105
455,Emma Taylor,@jane.doe,415339,324,17499,Fitness Equipment,Neutral,Haryana,25-34,All,YouTube,4.213184892
456,Olivia Clark,@mia.lee,460821,181,49215,Gadgets,Negative,Uttar Pradesh,18-25,Male,Twitter,10.67985183
457,Jane Doe,@noah.d,438496,573,34577,Smartphones,Neutral,India,15-24,All,YouTube,7.885362694
458,Liam Brown,@isabella.m,426565,491,17133,Food Products,Positive,Uttar Pradesh,22-40,All,Instagram,4.016503933
459,Mason White,@emma.t,498867,899,29686,Home Appliances,Positive,Rajasthan,15-24,Female,YouTube,5.950684251
460,Sophia Wilson,@noah.d,822676,939,37935,Travel Services,Positive,Gujarat,18-30,Male,Facebook,4.611171348
461,Jane Doe,@emma.t,360856,388,21660,Gaming Products,Neutral,Kerala,18-28,Female,YouTube,6.002394307
462,John Smith,@olivia.c,578233,672,33585,Fashion Accessories,Negative,Madhya Pradesh,All,Female,YouTube,5.80821226
463,Noah Davis,@jane.doe,468178,75,40433,Fashion Accessories,Negative,India,18-30,Male,TikTok,8.636245189
464,Jane Doe,@olivia.c,596876,169,6843,Clothing,Negative,Rajasthan,22-40,All,YouTube,1.146469283
465,Mia Lee,@john.smith,535642,824,47249,Books,Negative,Haryana,30-45,All,Instagram,8.821003581
466,Sophia Wilson,@isabella.m,549257,596,26682,Clothing,Neutral,Delhi,18-25,All,Twitter,4.857835221
467,John Smith,@emma.t,900292,320,43948,Fitness Equipment,Negative,Maharashtra,18-28,All,Instagram,4.881527327
468,Sophia Wilson,@liam.brown,666395,917,19512,Books,Negative,Kerala,25-34,Female,TikTok,2.927993157
469,John Smith,@john.smith,684591,769,23780,Home Appliances,Negative,Bihar,18-28,Male,TikTok,3.473606869
470,Olivia Clark,@sophia.w,641938,623,39625,Food Products,Neutral,Gujarat,40-50,All,YouTube,6.172714499
471,Emma Taylor,@mia.lee,472602,50,39946,Smartphones,Neutral,Madhya Pradesh,25-34,Male,Twitter,8.452355259
472,Mason White,@emma.t,269568,413,6643,Clothing,Positive,Punjab,40-50,All,YouTube,2.464313272
473,Jane Doe,@noah.d,822600,577,13146,Art Supplies,Neutral,Goa,18-30,Male,YouTube,1.598103574
474,Emma Taylor,@john.smith,622651,639,45482,Food Products,Neutral,Karnataka,30-45,All,Twitter,7.304573509
475,Olivia Clark,@mason.w,634069,59,12889,Smartphones,Negative,Delhi,18-25,All,TikTok,2.03274407
476,Olivia Clark,@mason.w,572871,867,16765,Fitness Equipment,Neutral,Tamil Nadu,All,All,Twitter,2.926487813
477,Olivia Clark,@sophia.w,729501,196,35618,Fitness Equipment,Positive,Bihar,25-40,Male,TikTok,4.882515583
478,John Smith,@isabella.m,574804,723,39512,Fitness Equipment,Neutral,Goa,18-25,Female,TikTok,6.87399531
479,Sophia Wilson,@noah.d,186994,854,44889,Smartphones,Negative,Kerala,25-34,All,Twitter,24.00558307
480,Isabella Moore,@emma.t,681910,610,49165,Fitness Equipment,Neutral,Rajasthan,All,Male,Instagram,7.209895734
481,Jane Doe,@jane.doe,385902,558,9642,Art Supplies,Neutral,Karnataka,All,Male,Instagram,2.498561811
482,Mia Lee,@noah.d,501753,511,35121,Food Products,Neutral,Bihar,25-40,All,YouTube,6.999659195
483,John Smith,@sophia.w,616437,470,29129,Eco-friendly Goods,Negative,Madhya Pradesh,18-28,Female,TikTok,4.725381507
484,John Smith,@sophia.w,571597,128,23237,Gaming Products,Negative,Rajasthan,18-30,Male,Twitter,4.06527676
485,Mason White,@mia.lee,972206,258,23458,Nutrition Products,Positive,Tamil Nadu,15-24,Male,TikTok,2.412863117
486,Mia Lee,@noah.d,692032,319,20504,Travel Services,Neutral,Kerala,All,Male,Facebook,2.962868769
487,Mason White,@john.smith,285216,684,8379,Travel Services,Positive,West Bengal,25-34,All,Instagram,2.937773477
488,Olivia Clark,@liam.brown,602606,301,5166,Books,Positive,Uttar Pradesh,25-40,Male,YouTube,0.857276562
489,Sophia Wilson,@john.smith,435239,574,16402,Fashion Accessories,Positive,Punjab,All,All,YouTube,3.768504201
490,Sophia Wilson,@liam.brown,596300,616,22341,Home Appliances,Negative,Delhi,All,All,YouTube,3.746604058
491,Noah Davis,@sophia.w,128992,633,19684,Food Products,Positive,India,All,Male,Instagram,15.25986108
492,John Smith,@olivia.c,915749,946,18290,Art Supplies,Neutral,Goa,18-25,All,Facebook,1.997272178
493,Sophia Wilson,@sophia.w,552522,754,27526,Gaming Products,Neutral,Gujarat,30-45,Male,Facebook,4.981883074
494,Mason White,@john.smith,537760,63,47820,Home Appliances,Neutral,Tamil Nadu,All,Male,Facebook,8.892442725
495,Emma Taylor,@mason.w,952058,964,44566,Gaming Products,Negative,Haryana,15-24,All,Twitter,4.681017333
496,Olivia Clark,@noah.d,811805,997,9996,Books,Negative,Kerala,25-40,Female,Instagram,1.231330184
497,Noah Davis,@mia.lee,123970,208,32692,Home Appliances,Positive,Madhya Pradesh,40-50,Female,Instagram,26.37089618
498,Sophia Wilson,@john.smith,510159,102,41739,Travel Services,Positive,West Bengal,15-24,Female,YouTube,8.181566923
499,Mia Lee,@sophia.w,513585,893,41420,Fashion Accessories,Neutral,Gujarat,15-24,All,YouTube,8.064877284
500,Emma Taylor,@jane.doe,703599,723,8027,Cosmetics,Negative,Haryana,18-28,All,YouTube,1.140848694
501,Jane Doe,@john.smith,919103,609,30734,Clothing,Negative,Rajasthan,40-50,Female,Instagram,3.343912489
502,Emma Taylor,@isabella.m,880720,69,35082,Clothing,Neutral,Uttar Pradesh,22-40,All,TikTok,3.983331819
503,Olivia Clark,@john.smith,734357,813,11573,Eco-friendly Goods,Neutral,Uttar Pradesh,25-40,Male,YouTube,1.5759365
504,Mason White,@isabella.m,234198,702,19895,Gadgets,Negative,Delhi,40-50,Male,TikTok,8.494948719
505,Mason White,@liam.brown,729945,798,18406,Pet Supplies,Negative,Haryana,18-25,Female,TikTok,2.521559844
506,John Smith,@jane.doe,918630,927,38113,Smartphones,Positive,West Bengal,All,Male,Instagram,4.148895638
507,Olivia Clark,@noah.d,503318,786,37870,Books,Positive,India,18-30,Female,YouTube,7.52407027
508,Sophia Wilson,@olivia.c,159363,763,7515,Home Appliances,Negative,Uttar Pradesh,All,All,TikTok,4.715649178
509,John Smith,@mia.lee,108900,762,20664,Gaming Products,Neutral,Delhi,18-25,All,YouTube,18.97520661
510,Olivia Clark,@liam.brown,297334,310,14843,Travel Services,Neutral,Rajasthan,18-30,Male,Facebook,4.992029166
511,Emma Taylor,@liam.brown,899444,152,15361,Smartphones,Positive,Gujarat,18-28,Female,TikTok,1.707832839
512,Emma Taylor,@olivia.c,829703,359,40216,Art Supplies,Negative,West Bengal,18-28,Female,Instagram,4.847035626
513,Olivia Clark,@jane.doe,579430,941,37133,Eco-friendly Goods,Neutral,Goa,40-50,Male,Facebook,6.408539427
514,Emma Taylor,@sophia.w,966831,547,30122,Clothing,Negative,Haryana,15-24,Female,Instagram,3.115539324
515,Isabella Moore,@jane.doe,776439,275,23150,Eco-friendly Goods,Positive,Haryana,25-40,Female,YouTube,2.981560689
516,Liam Brown,@olivia.c,262887,948,16128,Home Appliances,Positive,West Bengal,18-30,Female,Twitter,6.134955323
517,Noah Davis,@emma.t,497916,543,20987,Fashion Accessories,Negative,Madhya Pradesh,All,All,Instagram,4.214967987
518,Mia Lee,@jane.doe,167249,845,41126,Clothing,Neutral,Delhi,40-50,Female,Instagram,24.58968365
519,Noah Davis,@olivia.c,965671,472,49192,Gadgets,Negative,India,25-40,Male,Instagram,5.094074483
520,Mason White,@isabella.m,983306,455,14692,Smartphones,Positive,Bihar,25-34,Male,Twitter,1.494143227
521,Mason White,@emma.t,711444,762,48227,Clothing,Neutral,West Bengal,22-40,All,YouTube,6.778748573
522,Sophia Wilson,@emma.t,923309,182,28932,Smartphones,Negative,Haryana,40-50,Female,YouTube,3.133512183
523,Isabella Moore,@jane.doe,705233,789,19671,Fashion Accessories,Positive,Karnataka,25-40,All,Instagram,2.789290915
524,Sophia Wilson,@sophia.w,503092,441,38682,Food Products,Positive,Karnataka,18-28,All,YouTube,7.688852138
525,John Smith,@emma.t,416981,246,14649,Cosmetics,Negative,Madhya Pradesh,25-40,All,YouTube,3.51310971
526,Mason White,@mia.lee,632956,901,35379,Cosmetics,Neutral,Rajasthan,18-28,Female,Twitter,5.589488053
527,Sophia Wilson,@mia.lee,848657,608,26836,Gaming Products,Negative,Kerala,25-34,All,Instagram,3.162172703
528,Noah Davis,@mia.lee,579810,936,46892,Clothing,Neutral,Bihar,40-50,All,Instagram,8.087476932
529,Olivia Clark,@mason.w,969213,872,47670,Smartphones,Positive,Kerala,All,Female,TikTok,4.918423504
530,Mason White,@liam.brown,598096,560,18545,Smartphones,Positive,Rajasthan,30-45,Female,YouTube,3.100672802
531,Emma Taylor,@mason.w,497230,407,18440,Smartphones,Negative,India,18-30,Female,YouTube,3.708545341
532,Jane Doe,@mia.lee,625760,165,47366,Pet Supplies,Positive,Kerala,30-45,Male,Instagram,7.569355664
533,Noah Davis,@mia.lee,147696,650,6932,Books,Negative,Delhi,40-50,Male,YouTube,4.693424331
534,Noah Davis,@mason.w,114175,772,14805,Travel Services,Negative,Uttar Pradesh,18-30,Female,TikTok,12.96693672
535,Mia Lee,@emma.t,232954,240,18472,Books,Positive,Bihar,25-40,All,TikTok,7.929462469
536,Noah Davis,@jane.doe,232058,615,35836,Cosmetics,Neutral,Punjab,18-30,All,Twitter,15.44269105
537,Mason White,@mason.w,812092,110,18020,Gadgets,Positive,West Bengal,18-28,All,Instagram,2.218960413
538,Sophia Wilson,@olivia.c,527854,94,40883,Books,Neutral,Kerala,18-25,All,Instagram,7.745134071
539,Mia Lee,@john.smith,791098,494,22910,Fitness Equipment,Neutral,Gujarat,30-45,Female,Twitter,2.895974961
540,Sophia Wilson,@mia.lee,557049,679,20273,Pet Supplies,Neutral,India,18-25,Female,Facebook,3.639356681
541,Jane Doe,@jane.doe,871592,467,14736,Gadgets,Negative,Haryana,15-24,Male,TikTok,1.690699318
542,Olivia Clark,@mia.lee,899207,780,23581,Clothing,Positive,West Bengal,25-40,Male,Facebook,2.622421756
543,Mason White,@mia.lee,707184,989,13162,Art Supplies,Negative,Punjab,18-30,Female,Instagram,1.861184642
544,Isabella Moore,@noah.d,128155,88,26056,Fitness Equipment,Neutral,Haryana,25-40,All,Instagram,20.33162967
545,Noah Davis,@isabella.m,999017,546,19895,Cosmetics,Neutral,Tamil Nadu,18-30,All,Facebook,1.991457603
546,Emma Taylor,@sophia.w,357491,871,31456,Food Products,Negative,Uttar Pradesh,18-28,Female,TikTok,8.799102635
547,Emma Taylor,@isabella.m,284207,248,41012,Gaming Products,Negative,Madhya Pradesh,All,Female,YouTube,14.43032719
548,Mia Lee,@noah.d,672772,732,40177,Pet Supplies,Negative,Punjab,30-45,All,Facebook,5.971859709
549,Mason White,@liam.brown,652550,895,6734,Fashion Accessories,Positive,India,All,Male,Instagram,1.031951575
550,Liam Brown,@sophia.w,902104,84,22325,Cosmetics,Neutral,Tamil Nadu,40-50,All,YouTube,2.474770093
551,Isabella Moore,@mason.w,748479,577,19818,Eco-friendly Goods,Neutral,Bihar,All,All,TikTok,2.647769677
552,Emma Taylor,@emma.t,756248,476,37556,Pet Supplies,Neutral,Maharashtra,30-45,Male,Twitter,4.966095778
553,Olivia Clark,@sophia.w,133073,245,33301,Clothing,Negative,Rajasthan,25-34,Male,TikTok,25.02461055
554,Jane Doe,@sophia.w,883838,847,40898,Home Appliances,Negative,Delhi,40-50,Female,Instagram,4.627318581
555,John Smith,@emma.t,605245,814,21494,Books,Neutral,Maharashtra,40-50,All,Facebook,3.551289147
556,Emma Taylor,@emma.t,579879,428,41676,Pet Supplies,Negative,Kerala,30-45,Female,YouTube,7.187016602
557,John Smith,@jane.doe,758891,223,18970,Home Appliances,Neutral,Bihar,18-28,Female,Instagram,2.49970022
558,Mia Lee,@isabella.m,423909,354,24228,Pet Supplies,Positive,Goa,25-34,All,YouTube,5.715377593
559,Jane Doe,@jane.doe,636436,185,40228,Travel Services,Negative,Tamil Nadu,15-24,All,Instagram,6.320824089
560,Noah Davis,@noah.d,427185,971,17535,Fashion Accessories,Positive,India,25-40,Male,Instagram,4.10477896
561,Olivia Clark,@mia.lee,810874,695,7945,Travel Services,Negative,Tamil Nadu,18-30,Female,Twitter,0.979806974
562,John Smith,@olivia.c,253908,754,8028,Gaming Products,Positive,Bihar,All,All,Facebook,3.161775131
563,Olivia Clark,@sophia.w,605812,84,37042,Smartphones,Positive,Delhi,18-30,All,Twitter,6.114438143
564,John Smith,@mason.w,243067,911,37806,Food Products,Positive,Tamil Nadu,All,Female,YouTube,15.55373621
565,Liam Brown,@olivia.c,263957,999,30821,Food Products,Positive,Madhya Pradesh,15-24,Female,Twitter,11.67652307
566,Isabella Moore,@jane.doe,591266,442,45307,Cosmetics,Neutral,Kerala,15-24,Female,YouTube,7.662710185
567,Olivia Clark,@noah.d,363123,108,17193,Cosmetics,Neutral,West Bengal,15-24,All,TikTok,4.734759296
568,Noah Davis,@emma.t,675208,880,45818,Pet Supplies,Positive,Uttar Pradesh,18-25,Male,Facebook,6.785760832
569,John Smith,@sophia.w,499500,520,8500,Smartphones,Positive,Haryana,All,Female,Instagram,1.701701702
570,Mia Lee,@liam.brown,709360,775,11327,Clothing,Negative,India,25-34,Female,YouTube,1.596791474
571,Mia Lee,@liam.brown,972258,163,46424,Travel Services,Neutral,Haryana,All,Female,TikTok,4.774864285
572,Isabella Moore,@mason.w,767157,319,33532,Gadgets,Negative,Haryana,All,Female,Facebook,4.370943627
573,Isabella Moore,@emma.t,983989,452,5901,Pet Supplies,Negative,Uttar Pradesh,All,Male,Facebook,0.599701826
574,Jane Doe,@jane.doe,296171,707,39602,Home Appliances,Positive,Uttar Pradesh,30-45,All,Instagram,13.3713294
575,Emma Taylor,@olivia.c,115842,880,10901,Cosmetics,Positive,Goa,40-50,Female,Instagram,9.410231177
576,Olivia Clark,@john.smith,662815,383,12491,Cosmetics,Positive,Maharashtra,25-40,Male,Instagram,1.884537918
577,Isabella Moore,@isabella.m,227962,448,19653,Nutrition Products,Neutral,Bihar,25-40,Female,Facebook,8.621173704
578,Noah Davis,@noah.d,199499,762,13320,Nutrition Products,Neutral,Madhya Pradesh,15-24,Female,TikTok,6.676725197
579,John Smith,@mason.w,287904,563,27958,Nutrition Products,Negative,Kerala,22-40,Male,Instagram,9.710875848
580,Jane Doe,@liam.brown,374391,347,30908,Nutrition Products,Positive,Punjab,15-24,Female,YouTube,8.255540331
581,Jane Doe,@isabella.m,380312,402,45891,Home Appliances,Positive,Delhi,18-30,Female,TikTok,12.06667157
582,Noah Davis,@liam.brown,780636,865,23117,Books,Neutral,Tamil Nadu,18-28,All,TikTok,2.961303348
583,John Smith,@mason.w,537225,302,7033,Home Appliances,Positive,Karnataka,40-50,Female,Facebook,1.309134906
584,Isabella Moore,@emma.t,706176,928,27676,Smartphones,Positive,Punjab,18-30,Female,Facebook,3.919136306
585,Olivia Clark,@olivia.c,168660,780,26275,Fitness Equipment,Positive,Haryana,40-50,All,Facebook,15.578679
586,Isabella Moore,@mia.lee,210423,76,15732,Gaming Products,Positive,Bihar,25-34,All,TikTok,7.476369028
587,Jane Doe,@john.smith,463960,150,27188,Fashion Accessories,Negative,Delhi,18-25,All,YouTube,5.85998793
588,Noah Davis,@jane.doe,602041,188,11426,Travel Services,Positive,Maharashtra,40-50,Female,Facebook,1.897877387
589,John Smith,@mia.lee,560212,232,18632,Gaming Products,Positive,Madhya Pradesh,15-24,Male,Instagram,3.325883773
590,Liam Brown,@emma.t,712256,321,29296,Cosmetics,Positive,Punjab,All,All,Facebook,4.113127864
591,John Smith,@mason.w,837834,864,27758,Fitness Equipment,Neutral,Delhi,25-40,Female,Twitter,3.313066789
592,Liam Brown,@isabella.m,584402,830,20179,Food Products,Positive,West Bengal,30-45,Male,Facebook,3.452931373
593,Jane Doe,@mia.lee,125835,853,34363,Cosmetics,Neutral,Rajasthan,18-30,All,YouTube,27.30798268
594,Olivia Clark,@mason.w,309053,576,11176,Gaming Products,Positive,Maharashtra,30-45,Male,Twitter,3.616208223
595,Mason White,@mia.lee,873018,674,5386,Clothing,Positive,Tamil Nadu,18-28,Male,Facebook,0.616940315
596,Mason White,@olivia.c,628311,264,49297,Travel Services,Positive,Tamil Nadu,18-30,All,Facebook,7.845955267
597,John Smith,@sophia.w,261141,552,10765,Pet Supplies,Positive,Madhya Pradesh,30-45,Male,Instagram,4.122294086
598,Emma Taylor,@john.smith,822197,573,41596,Eco-friendly Goods,Negative,Goa,18-25,Male,Instagram,5.059128165
599,Olivia Clark,@mason.w,783527,359,7200,Gaming Products,Positive,Rajasthan,25-40,Female,Instagram,0.918921747
600,Isabella Moore,@isabella.m,370575,570,28219,Fitness Equipment,Negative,Tamil Nadu,22-40,All,TikTok,7.614922755
